Test_19VDC,Test_115VAC
-16.30890083313,-16.39315414429
